<?xml version="1.0" encoding="UTF-8"?>
<!-- Generated by eXe - http://exelearning.net -->
<manifest identifier="eXemcss_24_EM65cfbc5727e3f89c0635" xmlns="http://www.imsproject.org/xsd/imscp_rootv1p1p2" xmlns:adlcp="http://www.adlnet.org/xsd/adlcp_rootv1p2" xmlns:imsmd="http://www.imsglobal.org/xsd/imsmd_v1p2" xmlns:xsi="http://www.w3.org/2001/XMLSchema-instance" xsi:schemaLocation="http://www.imsproject.org/xsd/imscp_rootv1p1p2 imscp_rootv1p1p2.xsd http://www.imsglobal.org/xsd/imsmd_rootv1p2p1 imsmd_rootv1p2p1.xsd http://www.adlnet.org/xsd/adlcp_rootv1p2 adlcp_rootv1p2.xsd" > 
<metadata> 
 <schema>ADL SCORM</schema> 
 <schemaversion>1.2</schemaversion> 
 <adlcp:location>imslrm.xml</adlcp:location> 
</metadata> 
<organizations default="eXemcss_24_EM65cfbc5727e3f89c0636">  
    <organization identifier="eXemcss_24_EM65cfbc5727e3f89c0636" structure="hierarchical">
        <title>Probabilidad para 1º y 2º Bachillerato</title>
<item identifier="ITEM-eXemcss_24_EM65cfbc5727e3f89c0637" isvisible="true" identifierref="RES-eXemcss_24_EM65cfbc5727e3f89c0638">
    <title>Probabilidad</title>
<item identifier="ITEM-eXemcss_24_EM65cfbc5727e3f89c0639" isvisible="true" identifierref="RES-eXemcss_24_EM65cfbc5727e3f89c063a">
    <title>Secuencia de Contenidos</title>
<item identifier="ITEM-eXemcss_24_EM65cfbc5727e3f89c063b" isvisible="true" identifierref="RES-eXemcss_24_EM65cfbc5727e3f89c063c">
    <title>Objetivos</title>
</item>
<item identifier="ITEM-eXemcss_24_EM65cfbc5727e3f89c063d" isvisible="true" identifierref="RES-eXemcss_24_EM65cfbc5727e3f89c063e">
    <title>Introducción</title>
</item>
<item identifier="ITEM-eXemcss_24_EM65cfbc5727e3f89c073f" isvisible="true" identifierref="RES-eXemcss_24_EM65cfbc5727e3f89c0740">
    <title>Tipos de experimentos</title>
</item>
<item identifier="ITEM-eXemcss_24_EM65cfbc5727e3f89c0741" isvisible="true" identifierref="RES-eXemcss_24_EM65cfbc5727e3f89c0742">
    <title>Espacio muestral</title>
</item>
<item identifier="ITEM-eXemcss_24_EM65cfbc5727e3f89c0843" isvisible="true" identifierref="RES-eXemcss_24_EM65cfbc5727e3f89c0844">
    <title>Tipos de Sucesos</title>
</item>
<item identifier="ITEM-eXemcss_24_EM65cfbc5727e3f89c0945" isvisible="true" identifierref="RES-eXemcss_24_EM65cfbc5727e3f89c0946">
    <title>Operaciones entre sucesos</title>
</item>
<item identifier="ITEM-eXemcss_24_EM65cfbc5727e3f89c0947" isvisible="true" identifierref="RES-eXemcss_24_EM65cfbc5727e3f89c0948">
    <title>función probabilidad</title>
</item>
<item identifier="ITEM-eXemcss_24_EM65cfbc5727e3f89c0949" isvisible="true" identifierref="RES-eXemcss_24_EM65cfbc5727e3f89c094a">
    <title>Probabilidad condicionada</title>
</item>
<item identifier="ITEM-eXemcss_24_EM65cfbc5727e3f89c0a4b" isvisible="true" identifierref="RES-eXemcss_24_EM65cfbc5727e3f89c0a4c">
    <title>Sucesos dependientes e independientes</title>
</item>
<item identifier="ITEM-eXemcss_24_EM65cfbc5727e3f89c0a4d" isvisible="true" identifierref="RES-eXemcss_24_EM65cfbc5727e3f89c0a4e">
    <title>Probabilidad en Descartes</title>
</item>
<item identifier="ITEM-eXemcss_24_EM65cfbc5727e3f89c0a4f" isvisible="true" identifierref="RES-eXemcss_24_EM65cfbc5727e3f89c0a50">
    <title>Probabilidad Experimentos Compuestos</title>
</item>
<item identifier="ITEM-eXemcss_24_EM65cfbc5727e3f89c0b51" isvisible="true" identifierref="RES-eXemcss_24_EM65cfbc5727e3f89c0b52">
    <title>Tabla de contingencia</title>
</item>
<item identifier="ITEM-eXemcss_24_EM65cfbc5727e3f89c0b53" isvisible="true" identifierref="RES-eXemcss_24_EM65cfbc5727e3f89c0b54">
    <title>Teorema probabilidad Total</title>
</item>
<item identifier="ITEM-eXemcss_24_EM65cfbc5727e3f89c0c55" isvisible="true" identifierref="RES-eXemcss_24_EM65cfbc5727e3f89c0c56">
    <title>Teorema de Bayes</title>
</item>
</item>
<item identifier="ITEM-eXemcss_24_EM65cfbc5727e3f89c0c57" isvisible="true" identifierref="RES-eXemcss_24_EM65cfbc5727e3f89c0c58">
    <title>Ejercicios propuestos</title>
    <adlcp:masteryscore>50</adlcp:masteryscore>
</item>
<item identifier="ITEM-eXemcss_24_EM65cfbc5727e3f89c0f59" isvisible="true" identifierref="RES-eXemcss_24_EM65cfbc5727e3f89c0f5a">
    <title>Proyecto y metodología</title>
<item identifier="ITEM-eXemcss_24_EM65cfbc5727e3f89c0f5b" isvisible="true" identifierref="RES-eXemcss_24_EM65cfbc5727e3f89c0f5c">
    <title>Temática Proyecto</title>
</item>
<item identifier="ITEM-eXemcss_24_EM65cfbc5727e3f89c0f5d" isvisible="true" identifierref="RES-eXemcss_24_EM65cfbc5727e3f89c0f5e">
    <title>Linea del tiempo</title>
</item>
<item identifier="ITEM-eXemcss_24_EM65cfbc5727e3f89c0f5f" isvisible="true" identifierref="RES-eXemcss_24_EM65cfbc5727e3f89c0f60">
    <title>Symbaloo</title>
</item>
<item identifier="ITEM-eXemcss_24_EM65cfbc5727e3f89c0f61" isvisible="true" identifierref="RES-eXemcss_24_EM65cfbc5727e3f89c0f62">
    <title>Padlet</title>
</item>
<item identifier="ITEM-eXemcss_24_EM65cfbc5727e3f89c0f63" isvisible="true" identifierref="RES-eXemcss_24_EM65cfbc5727e3f89c0f64">
    <title>GuiaDidactica</title>
</item>
<item identifier="ITEM-eXemcss_24_EM65cfbc5727e3f89c0f65" isvisible="true" identifierref="RES-eXemcss_24_EM65cfbc5727e3f89c0f66">
    <title>Seguridad de Datos</title>
</item>
</item>
<item identifier="ITEM-eXemcss_24_EM65cfbc5727e3f89c0f67" isvisible="true" identifierref="RES-eXemcss_24_EM65cfbc5727e3f89c0f68">
    <title>Autoría</title>
</item>
</item>
  </organization>
</organizations>
<resources>
  <resource identifier="RES-eXemcss_24_EM65cfbc5727e3f89c0638" type="webcontent" adlcp:scormtype="sco" href="index.html"> 
    <file href="index.html"/> 
    <file href="exe_html5.js"/>
    <file href="berlin ag 2010 037.jpg"/>
    <dependency identifierref="COMMON_FILES"/>
  </resource>
  <resource identifier="RES-eXemcss_24_EM65cfbc5727e3f89c063a" type="webcontent" adlcp:scormtype="sco" href="secuencia_de_contenidos.html"> 
    <file href="secuencia_de_contenidos.html"/> 
    <file href="exe_html5.js"/>
    <file href="poker-1564042_1280.jpg"/>
    <dependency identifierref="COMMON_FILES"/>
  </resource>
  <resource identifier="RES-eXemcss_24_EM65cfbc5727e3f89c063c" type="webcontent" adlcp:scormtype="sco" href="objetivos.html"> 
    <file href="objetivos.html"/> 
    <file href="exe_html5.js"/>
    <file href="fotodados.jpeg"/>
    <file href="common.js"/>
    <file href="exe_effects.js"/>
    <file href="exe_effects.css"/>
    <dependency identifierref="COMMON_FILES"/>
  </resource>
  <resource identifier="RES-eXemcss_24_EM65cfbc5727e3f89c063e" type="webcontent" adlcp:scormtype="sco" href="introduccin.html"> 
    <file href="introduccin.html"/> 
    <file href="exe_html5.js"/>
    <file href="stock-stop.png"/>
    <file href="panel-amusements.png"/>
    <file href="common.js"/>
    <file href="exe_effects.js"/>
    <file href="exe_effects.css"/>
    <dependency identifierref="COMMON_FILES"/>
  </resource>
  <resource identifier="RES-eXemcss_24_EM65cfbc5727e3f89c0740" type="webcontent" adlcp:scormtype="sco" href="tipos_de_experimentos.html"> 
    <file href="tipos_de_experimentos.html"/> 
    <file href="exe_html5.js"/>
    <file href="stock-stop.png"/>
    <file href="panel-amusements.png"/>
    <file href="common.js"/>
    <dependency identifierref="COMMON_FILES"/>
  </resource>
  <resource identifier="RES-eXemcss_24_EM65cfbc5727e3f89c0742" type="webcontent" adlcp:scormtype="sco" href="espacio_muestral.html"> 
    <file href="espacio_muestral.html"/> 
    <file href="exe_html5.js"/>
    <file href="stock-stop.png"/>
    <file href="panel-amusements.png"/>
    <file href="common.js"/>
    <dependency identifierref="COMMON_FILES"/>
  </resource>
  <resource identifier="RES-eXemcss_24_EM65cfbc5727e3f89c0844" type="webcontent" adlcp:scormtype="sco" href="tipos_de_sucesos.html"> 
    <file href="tipos_de_sucesos.html"/> 
    <file href="exe_html5.js"/>
    <file href="stock-stop.png"/>
    <file href="panel-amusements.png"/>
    <file href="common.js"/>
    <file href="exe_effects.js"/>
    <file href="exe_effects.css"/>
    <dependency identifierref="COMMON_FILES"/>
  </resource>
  <resource identifier="RES-eXemcss_24_EM65cfbc5727e3f89c0946" type="webcontent" adlcp:scormtype="sco" href="operaciones_entre_sucesos.html"> 
    <file href="operaciones_entre_sucesos.html"/> 
    <file href="exe_html5.js"/>
    <file href="union.jpeg"/>
    <file href="696e7465727365636369c3b36e.jpeg"/>
    <file href="panel-amusements.png"/>
    <file href="common.js"/>
    <file href="stock-stop.png"/>
    <file href="conjuntos_venn1.jpeg"/>
    <file href="exe_effects.js"/>
    <file href="exe_effects.css"/>
    <dependency identifierref="COMMON_FILES"/>
  </resource>
  <resource identifier="RES-eXemcss_24_EM65cfbc5727e3f89c0948" type="webcontent" adlcp:scormtype="sco" href="funcin_probabilidad.html"> 
    <file href="funcin_probabilidad.html"/> 
    <file href="exe_html5.js"/>
    <file href="stock-stop.png"/>
    <file href="panel-amusements.png"/>
    <file href="common.js"/>
    <file href="exe_effects.js"/>
    <file href="exe_effects.css"/>
    <dependency identifierref="COMMON_FILES"/>
  </resource>
  <resource identifier="RES-eXemcss_24_EM65cfbc5727e3f89c094a" type="webcontent" adlcp:scormtype="sco" href="probabilidad_condicionada.html"> 
    <file href="probabilidad_condicionada.html"/> 
    <file href="exe_html5.js"/>
    <file href="ejemplocondic.jpeg"/>
    <file href="condicionada.jpeg"/>
    <file href="common.js"/>
    <dependency identifierref="COMMON_FILES"/>
  </resource>
  <resource identifier="RES-eXemcss_24_EM65cfbc5727e3f89c0a4c" type="webcontent" adlcp:scormtype="sco" href="sucesos_dependientes_e_independientes.html"> 
    <file href="sucesos_dependientes_e_independientes.html"/> 
    <file href="exe_html5.js"/>
    <file href="common.js"/>
    <file href="exe_effects.js"/>
    <file href="exe_effects.css"/>
    <dependency identifierref="COMMON_FILES"/>
  </resource>
  <resource identifier="RES-eXemcss_24_EM65cfbc5727e3f89c0a4e" type="webcontent" adlcp:scormtype="sco" href="probabilidad_en_descartes.html"> 
    <file href="probabilidad_en_descartes.html"/> 
    <file href="exe_html5.js"/>
    <dependency identifierref="COMMON_FILES"/>
  </resource>
  <resource identifier="RES-eXemcss_24_EM65cfbc5727e3f89c0a50" type="webcontent" adlcp:scormtype="sco" href="probabilidad_experimentos_compuestos.html"> 
    <file href="probabilidad_experimentos_compuestos.html"/> 
    <file href="exe_html5.js"/>
    <file href="compuesto_arbol.gif"/>
    <file href="imagesIndepend.jpeg"/>
    <file href="panel-amusements.png"/>
    <file href="common.js"/>
    <file href="stock-stop.png"/>
    <file href="coloresarbol.jpeg"/>
    <file href="imagesCompuestos.jpeg"/>
    <file href="exe_effects.js"/>
    <file href="exe_effects.css"/>
    <dependency identifierref="COMMON_FILES"/>
  </resource>
  <resource identifier="RES-eXemcss_24_EM65cfbc5727e3f89c0b52" type="webcontent" adlcp:scormtype="sco" href="tabla_de_contingencia.html"> 
    <file href="tabla_de_contingencia.html"/> 
    <file href="exe_html5.js"/>
    <file href="common.js"/>
    <dependency identifierref="COMMON_FILES"/>
  </resource>
  <resource identifier="RES-eXemcss_24_EM65cfbc5727e3f89c0b54" type="webcontent" adlcp:scormtype="sco" href="teorema_probabilidad_total.html"> 
    <file href="teorema_probabilidad_total.html"/> 
    <file href="exe_html5.js"/>
    <file href="stock-stop.png"/>
    <file href="compuesto_arbol.gif"/>
    <file href="panel-amusements.png"/>
    <file href="common.js"/>
    <dependency identifierref="COMMON_FILES"/>
  </resource>
  <resource identifier="RES-eXemcss_24_EM65cfbc5727e3f89c0c56" type="webcontent" adlcp:scormtype="sco" href="teorema_de_bayes.html"> 
    <file href="teorema_de_bayes.html"/> 
    <file href="exe_html5.js"/>
    <file href="Bayes.jpeg"/>
    <file href="compuesto_arbol.gif"/>
    <file href="ejerciciobayes.jpeg"/>
    <file href="common.js"/>
    <dependency identifierref="COMMON_FILES"/>
  </resource>
  <resource identifier="RES-eXemcss_24_EM65cfbc5727e3f89c0c58" type="webcontent" adlcp:scormtype="sco" href="ejercicios_propuestos.html"> 
    <file href="ejercicios_propuestos.html"/> 
    <file href="exe_html5.js"/>
    <file href="IM2.JPEG"/>
    <file href="IM1.JPEG"/>
    <file href="stock-stop.png"/>
    <file href="panel-amusements.png"/>
    <file href="common.js"/>
    <dependency identifierref="COMMON_FILES"/>
  </resource>
  <resource identifier="RES-eXemcss_24_EM65cfbc5727e3f89c0f5a" type="webcontent" adlcp:scormtype="sco" href="proyecto_y_metodologa.html"> 
    <file href="proyecto_y_metodologa.html"/> 
    <file href="exe_html5.js"/>
    <file href="dices-6521289_1280.jpg"/>
    <dependency identifierref="COMMON_FILES"/>
  </resource>
  <resource identifier="RES-eXemcss_24_EM65cfbc5727e3f89c0f5c" type="webcontent" adlcp:scormtype="sco" href="temtica_proyecto.html"> 
    <file href="temtica_proyecto.html"/> 
    <file href="exe_html5.js"/>
    <dependency identifierref="COMMON_FILES"/>
  </resource>
  <resource identifier="RES-eXemcss_24_EM65cfbc5727e3f89c0f5e" type="webcontent" adlcp:scormtype="sco" href="linea_del_tiempo.html"> 
    <file href="linea_del_tiempo.html"/> 
    <file href="exe_html5.js"/>
    <dependency identifierref="COMMON_FILES"/>
  </resource>
  <resource identifier="RES-eXemcss_24_EM65cfbc5727e3f89c0f60" type="webcontent" adlcp:scormtype="sco" href="symbaloo.html"> 
    <file href="symbaloo.html"/> 
    <file href="exe_html5.js"/>
    <dependency identifierref="COMMON_FILES"/>
  </resource>
  <resource identifier="RES-eXemcss_24_EM65cfbc5727e3f89c0f62" type="webcontent" adlcp:scormtype="sco" href="padlet.html"> 
    <file href="padlet.html"/> 
    <file href="exe_html5.js"/>
    <dependency identifierref="COMMON_FILES"/>
  </resource>
  <resource identifier="RES-eXemcss_24_EM65cfbc5727e3f89c0f64" type="webcontent" adlcp:scormtype="sco" href="guiadidactica.html"> 
    <file href="guiadidactica.html"/> 
    <file href="exe_html5.js"/>
    <dependency identifierref="COMMON_FILES"/>
  </resource>
  <resource identifier="RES-eXemcss_24_EM65cfbc5727e3f89c0f66" type="webcontent" adlcp:scormtype="sco" href="seguridad_de_datos.html"> 
    <file href="seguridad_de_datos.html"/> 
    <file href="exe_html5.js"/>
    <dependency identifierref="COMMON_FILES"/>
  </resource>
  <resource identifier="RES-eXemcss_24_EM65cfbc5727e3f89c0f68" type="webcontent" adlcp:scormtype="sco" href="autora.html"> 
    <file href="autora.html"/> 
    <file href="exe_html5.js"/>
    <file href="cc.png"/>
    <file href="6PROBABILIDAD_BTO_mcss_24_EM.elp"/>
    <file href="download-package-licenses.png"/>
    <file href="download-package.css"/>
    <dependency identifierref="COMMON_FILES"/>
  </resource>
  <resource identifier="COMMON_FILES" type="webcontent" adlcp:scormtype="asset">
    <file href="icon_udl_exp_mediacion.svg"/>
    <file href="icon_udl_exp_coproduccionoral.svg"/>
    <file href="icon_udl_rep_fonetica.svg"/>
    <file href="icon_udl_eng_rss.svg"/>
    <file href="_escolares_bg.png"/>
    <file href="icon_udl_rep_conocer.svg"/>
    <file href="_escolares_menu.gif"/>
    <file href="icon_udl_exp_ejercicio.svg"/>
    <file href="icon_udl_exp_tareagrupal.svg"/>
    <file href="icon_udl_exp_lenguasignos.svg"/>
    <file href="icon_udl_eng_aprenderaprender.svg"/>
    <file href="icon_udl_rep_lenguasignos.svg"/>
    <file href="icon_udl_rep_reflexion.svg"/>
    <file href="config.xml"/>
    <file href="icon_udl_eng_descarga.svg"/>
    <file href="icon_udl_eng_curiosidad.svg"/>
    <file href="_escolares_logo.png"/>
    <file href="icon_udl_rep_reproduccion.svg"/>
    <file href="_escolares_licenses.gif"/>
    <file href="_escolares_left_column.gif"/>
    <file href="icon_udl_rep_vocabulario.svg"/>
    <file href="icon_udl_rep_destacado.svg"/>
    <file href="icon_udl_exp_actividad.svg"/>
    <file href="icon_udl_exp_habla.svg"/>
    <file href="icon_udl_eng_objetivos.svg"/>
    <file href="icon_udl_eng_orientaciones.svg"/>
    <file href="icon_udl_rep_ejemplo.svg"/>
    <file href="icon_udl_rep_mediar.svg"/>
    <file href="icon_udl_rep_lee.svg"/>
    <file href="icon_udl_exp_practicamusical.svg"/>
    <file href="icon_udl_exp_coproducciontxt.svg"/>
    <file href="_escolares_js.js"/>
    <file href="icon_udl_eng_culturales.svg"/>
    <file href="icon_udl_rep_gramatica.svg"/>
    <file href="icon_udl_exp_juego.svg"/>
    <file href="icon_udl_exp_escribe.svg"/>
    <file href="icon_udl_rep_informarse.svg"/>
    <file href="icon_udl_exp_lee.svg"/>
    <file href="_escolares_icons.png"/>
    <file href="icon_udl_rep_redessemanticas.svg"/>
    <file href="icon_udl_eng_rubrica.svg"/>
    <file href="icon_udl_rep_recomienda.svg"/>
    <file href="icon_udl_rep_caso.svg"/>
    <file href="icon_udl_exp_cuestionario.svg"/>
    <file href="icon_udl_rep_adjunto.svg"/>
    <file href="_escolares_nav_icons.png"/>
    <file href="icon_udl_rep_nota.svg"/>
    <file href="icon_udl_exp_manipula.svg"/>
    <file href="icon_udl_eng_saber.svg"/>
    <file href="icon_udl_exp_grupoheterogeneo.svg"/>
    <file href="icon_udl_exp_interactivo.svg"/>
    <file href="icon_udl_rep_apoyovisual.svg"/>
    <file href="icon_udl_rep_galeria.svg"/>
    <file href="icon_udl_exp_musica.svg"/>
    <file href="icon_udl_exp_competenciadigital.svg"/>
    <file href="icon_udl_exp_escucha.svg"/>
    <file href="icon_udl_rep_lecturafacil.svg"/>
    <file href="nav.css"/>
    <file href="icon_udl_rep_escucha.svg"/>
    <file href="icon_emociones.svg"/>
    <file href="icon_udl_exp_tarea.svg"/>
    <file href="icon_udl_rep_importante.svg"/>
    <file href="content.css"/>
    <file href="icon_udl_eng_reto.svg"/>
    <file href="icon_udl_exp_grupohomogeneo.svg"/>
    <file href="Atkinson-Hyperlegible-Regular-102a.woff2"/>
    <file href="icon_udl_exp_graba.svg"/>
    <file href="icon_udl_exp_debate.svg"/>
    <file href="icon_udl_rep_pasos.svg"/>
    <file href="icon_udl_eng_temporalizacion.svg"/>
    <file href="icon_udl_exp_canto.svg"/>
    <file href="base.css"/>
    <file href="popup_bg.gif"/>
    <file href="exe_powered_logo.png"/>
    <file href="SCORM_API_wrapper.js"/>
    <file href="SCOFunctions.js"/>
    <file href="common.js"/>
    <file href="common_i18n.js"/>
    <file href="exe_jquery.js"/>
    <file href="content.xsd"/>
    <file href="content.data"/>
    <file href="contentv3.xml"/>
    <file href="imslrm.xml"/>
  </resource>
</resources>
</manifest>
